{
	"asks":
	[
		[
			185009.99,
			""
		],

		[
			0.0, 
			0.5151
		],

		[
			185010,
			0.00145333
		],

		[
			185010.01,
			0.49818929
		],

		[
			218900.26,
			0.00066129
		]
	],

	"bids":
	[
		[
			185000,
			0.11712343
		],

		[
			184999.9,
			0.0002703
		],

		[
			184900,
			0.00162255
		],

		[
			184800.01,
			0.05
		],

		[
			121180,
			0.00113459
		]
	],

	"timestamp": 1611597347538436410
}